company_name,website_url,company_description
Synergent Biochem,http://www.synergentbiochem.com/,"Synergent specializes in manufacturing serum and plasma products, diagnostic components, and wet chemistry solutions."
LifeSpace Labs,https://www.lifesplabs.com/flexbioculture,"At Flex BioCulture (powered by LifeSpace Labs), we offer advanced fermentation and cell culture bioprocessing services to startups, researchers, and academic institutions. From early process development to commercialization, our hands-on approach supports innovators with efficient and scalable solutions. Flex BioCulture’s low-price, no-commitment model eliminates the financial barriers often faced by the scientific community. Committed to excellence and customer satisfaction, we take pride in fostering the ground-breaking innovations of tomorrow."
Biostir,https://www.biostir.com/english/,
ImYoo,https://imyoo.health,"ImYoo is a patient-enabled public benefit corporation, partnering with patients and biotech companies to generate high quality multi-omic single-cell data from small self-collected blood samples taken at home, during critical disease events, and over time. By leveraging decentralized collection, ImYoo's platform can generate longitudinal datasets at unprecedented speed and scale, and empower biotech companies to find novel biomarkers, targets, mechanisms of action, and molecularly-defined patient populations."
Carpaccio.cloud,https://carpaccio.cloud/,"CARPACCIO.cloud aims to revolutionize a particularly time-consuming, unattractive and unrewarding step of neuromuscular research: acquiring data on the number, size, type and the physiological state of the muscle fibers of the microscope images. This, thanks to an image analysis software, distributed as an online service. The fields of application cover a wide field of diseases such as genetic diseases, autoimmune diseases, metabolic diseases and cancers. A diversification is envisaged in other fields and tissues where a similar approach is used.  CARPACCIO.cloud proposes new solutions for the acquisition of muscle cross-section parameters: contour / perimeter; Cytoplasmic labeling; Presence of ""central"" nuclei indicating muscle regeneration; As well as other control parameters such as circularity and minimum diameter of Ferret. This, more than 2000 times faster than by hand, with precision close to 97% - equivalent of the comparison between two manipulators. CARPACCIO.cloud automatically performs the analysis of all parameters of a muscle with 3000 fibers which would take someone over 2.5 days in less than one minute. All this via a web interface accessible from any terminal – desktop, laptop, tablet, smartphone - anywhere in the world!"
ATG:biosynthetics,http://www.atg-biosynthetics.com/,"ATG:biosynthetics GmbH was founded in 2001 by Dr. Hubert Bernauer and has its headquarters in Merzhausen near Freiburg, Germany.  ATG is a synthetic biology and biotechnology company. We offer straightforward gene synthesis, gene optimization and expression systems but are specifically experts for synthetic bioinformatics that enable complex combinatorial gene designs, multi-gene expression strategies and projects involving gene cluster design.  We offer bioinformatics and wet-lab expertise, products and services. Our mainstays are multi-gene and multi-peptide expression products and services along with bioinformatics analysis and work-up for academic and industrial R&D in the fields of drug discovery, industrial and medical biotechnology, molecular diagnostics, and bioengineering."
New Jersey Laboratories Inc,http://www.njlabs.com/,"NJ Labs provides expert analytical chemistry & microbiology testing for the pharmaceutical, nutraceutical, dietary supplement, cosmetic, dairy & food industries. We are an FDA, DEA, registered & inspected, contract laboratory testing to exacting CGMP standards. Our team of scientists builds upon our quality legacy by continually developing and validating methods for raw materials and finished products testing - established upon our founding over 80 years ago."
Quantum Analytics Group,https://www.quananalytics.com/testing-services/pharmaceuticals.html,"Our state-of-the-art analytical capabilities are employed by industry to verify quality, meet regulatory requirements (such as USP, EP, FDA, EMA, FCC, JP, ICH, EPA), identify contaminants, investigate product quality issues, verify safety, support product development or resolve method performance issues. Using an array of advanced techniques and innovative technology, we conduct highly precise analytical testing for various industries. Our analytical services support the testing needs of companies across a broad spectrum of high-tech, high-impact and highly regulated industries. All work performed by Quantum utilizes state-of-the-art instrumentation with an extensive range of analytical techniques and instrumental capabilities."
Pharmaceutical Manufacturing Research Services,http://pmrsinc.com,Pharmaceutical Manufacturing Research Services is a full-service contract manufacturer capable of handling all aspects of your project
Express Genomics,http://www.express-genomics.com/,"Express Genomics, founded by former Life Technologies employees, leverages years of experience in delivering top-tier cDNA library services. With the increasing demand for rapid discovery and expression of novel genes across diverse tissues and species following milestones in genome mapping, we have pioneered innovative technology to produce libraries containing more full-length cDNA inserts. Our services extend to libraries with an average insert size of ≥3kb, libraries produced from minimal starting tissue amounts, and RNA, normalized, and subtracted libraries, catering to a wide array of research needs in genomics and molecular biology."
ChemoGenics BioPharma,http://www.chemogenicsbiopharma.com,"Contribution to design and synthesis of Phase 2 Clinical Compounds: Trilaciclib and Lerociclib ChemoGenics BioPharma excels in multiple phases of preclinical drug discovery.  Our core strengths are Medicinal Chemistry, process optimization, scale up, animal (rodent) dosing studies, DMPK,  bioanalytical studies (tissue and plasma matrices).  We have several collaborative medicinal chemistry programs in various target areas.   Our internally developed compound has entered human trials as a first in class chemoprotective agent.  We have several other compounds entering human clinical trials for other indications. We want to use our expertise to help companies identify molecules that could enter human clinical trials. State of art instrumentation for bioanalytical work: Sciex 4000QTRAP, Sciex 5500 coupled to Agilent HPLC/UPLC"
BaxterBioPharma Solutions,http://baxterbiopharmasolutions.com,Simtra BioPharma Solutions is a pharmaceutical company that manufactures injectables and clinical supplies.
WiCell Research Institute,http://www.wicell.org,"WiCell Research Institute’s Characterization Services include karyotype, FISH, mycoplasma screening, identity by STR, and SNP microarray testing services for various cell types."
HepaPredict,http://www.hepapredict.com,"HepaPredict AB specializes in drug metabolism, toxicity, and drug development for liver disease. Utilizing our proprietary long-term stable physiological 3D spheroid culture platform, we provide comprehensive services including in-house evaluations of drug metabolism, pharmacokinetic properties, safety assessments, and drug target validations. Our unique offering lies in being the sole provider of this 3D spheroid platform for predictive in vivo metabolism and toxicity. Integrated with preclinical solutions and scientific consultancy, our goals encompass improved preclinical selection of drug candidates, shortened development times, reduced costs, and the development of novel medications targeting hepatic diseases. Leveraging the most extensively characterized 3D spheroid system available, we ensure unmatched accuracy in predicting hepatotoxicity and evaluating toxicity mechanisms. Our services include tailored experimental designs and readouts, rapid turnaround of results and reports, extensive customer support, integrative analysis by experienced toxicologists, and consulting for future steps and follow-up studies."
Sartorius,https://www.sartorius.com/en,"Our ambition is to simplify medical progress from the first idea of a new medication to its production. We support our customers with innovative technologies that make the development and manufacture of new therapeutics faster and more efficient. So that more people have access to better medicine. More than 15,000 employees at over 60 production and sales locations worldwide are committed to this vision."
Packgene Biotech,http://www.packgene.com,"PackGene is a world-leading AAV vector packaging CRO and CDMO. Founded in Massachusetts, USA, PackGene now has offices in Guangzhou, Shanghai, Boston, Houston and Zurich. We work with customers to support gene therapy programs from early-stage R&D, preclinical development, to IND studies. Our mission is to accelerate gene therapy product development by providing an integrated one-stop solution including plasmid, viral vector, fill-finish and QC analytical services for the gene therapy industry."
Hangzhou Holypharm Biotech,http://www.holypharm.com,"Holypharm Biotech specialized in active pharmaceutical ingredients and intermediates. With our head office in the capital of Zhejiang Province: Hangzhou. We have participations and contracts with 2 plants located in Zhejiang and Jiangsu Province. Our main products are antivirals, antibiotics. Our products have been registered in Latin America, India, North America, Turkey, etc.  To provide clients with more technical support, we will present efficient regulatory documents to show professional abilities in this field. We are experts in quality control, registration data, excellent packaging & labeling and logistics.  HOLYPHARM (PHARM DEPT.) - Our main products are antivirals, cardiovascular, antidiabetes, steroid, antibiotics, anti-HIV, and their intermediates, especially on antivirals and antibiotics.  HOLYPHARM (VETERINARY DEPT.)-All our manufacturing bases and facilities are GMP approved, we provide more than 100 veterinary products, forms including raw material ( ferment and synthesize products), premix, injection, tablets, suspension etc.."
Axil Scientific Pte Ltd,https://www.axilscientific.com/,"Leading Life Science Distributor and Service Provider in Singapore.

With over 20 years of industry experience, Axil Scientific has built a strong reputation as a trusted partner for research institutions and biotech companies across Singapore. Our strength lies in combining a comprehensive distribution network with robust in-house manufacturing capabilities, enabling us to deliver quality products with speed and cost-efficiency.

As part of our expanding services, Axil provides contract manufacturing solutions designed to meet the diverse needs of the life science community. From custom reagents and buffers to ready-to-use molecular biology kits, we offer flexible OEM and private label options—all produced locally under stringent quality control and scalable production processes."
Evotec,http://www.evotec.com/,"Evotec is a biotechnology company that is committed to advancing drug discovery and development. Through flexible business models, we collaborate with pharmaceutical companies, biotechs, foundations, and government agencies on a substantial scale. We believe that by working together, we can make a difference in the lives of patients.  Our Pipeline Co-Creation model represents our adaptable, multi-modality, fully integrated end-to-end approach to drive collaborations and services across all phases of drug discovery and development – from discovery of novel targets to achieving Proof of Concept in the clinic and into commercial manufacturing.  We aspire to contribute data-driven disease understanding and early disease relevance in humans to bring the probability of success up. We select the right modality, which is then propelled forward on our platforms by our passionate people striving for the fastest and most effective ways towards patient impact. This is enabled by convergence of human ingenuity with data and AI.  We also offer specific solutions, products, and CRO/CDMO-like services, always in support of the Biopharma R&D innovator. Our more than 4,000 scientists work closely with numerous partners concurrently, delivering fully integrated research and development portfolios or individual projects with the highest quality standards and efficiency, coupled with great science, passion, engagement, and communication."
Pony Medicine,http://www.ponymed.com/english,"Pony Biomedical Technology (Shanghai) Co., Ltd (hereinafter referred to as Pony Medicine) now has two major business base in both Beijing and Shanghai equipped with over 40000 ㎡ laboratory. We are a comprehensive technical service platform integrating drug design, drug synthesis, synthesis process development, drug activity screening, preparation research, pharmacodynamic evaluation, pharmacokinetic evaluation, toxicological evaluation and new drug registration. And we’ve been qualified with CMA, CNAS, GMP and GLP, as well as widely recognized by national drug ministries and commissions at home and overseas. Nowadays, the core R&D personnel of the laboratory are all overseas doctors with many years’ research and development experience in large international pharmaceutical enterprises and CROs, and senior professionals in the domestic drugs, who are engaged in and have accumulated rich R&D and industrialization experience in multi-chiral-center drug synthesis, multi-step drug synthesis, slow and controlled release preparation technology, liposome technology, nano preparation technology, low limit substance detection, unknown substance detection, pharmacodynamics & pharmacokinetics, preclinical toxicological safety evaluation, etc. The research fields involve drugs on tumor, cardiovascular, cerebrovascular, hypertension, infection, digestive system, mental and nervous system, etc."
PolyAnalytik Inc.,https://polyanalytik.com/home/,"PolyAnalytik Inc. (PAI) was founded in 2007 and incorporated in May 2008 with our headquarters located at Western University Research Park in London, Ontario, Canada.  Our multidisciplinary team of experts in material science & engineering, polymer chemistry, biomedical engineering, and biotechnology have a combined 40 years of experience in providing accurate, reproducible, and validated analytical services to a variety of sectors.  We provide expert analytical and regulatory approval support through contract analysis, method development, and validation services to petrochemicals, polymer/plastics, pharmaceutical companies, and research institutions.

Our passion for technology development and commercialization fosters a positive spirit of collaboration with our clients and partners to help bring high-quality and safe products to people worldwide. It is our wish to honour the same collaboration with our clients and partners.

As a pre-clinical contract research organization, we offers premium solutions in the comprehensive characterization of combination devices, defining their safety and efficacy. This includes analytical/bioanalytical, drug and impurity characterization with GLP support. With a multidisciplinary team of scientists, patented extraction methods and leading-edge instrumentation, we support our sponsors advance combinations of devices and improve patient lives."
ProJect Pharmaceutics,http://www.project-pharmaceutics.com/,"ProJect Pharmaceutics, based in Martinsried/Munich, Germany, transforms proteins, peptides and delicate small molecules into pioneering drugs. ProJect Pharmaceutics adds value to client´s bio-pharmaceutical products by applying an innovative concept of development called Advaceutics. Based on the Advaceutics concept, ProJect Pharmaceutics designs optimized formulations and delivery systems for biologics that are stable, convenient and safe. Tailored to these optimized systems the company develops cost-effective manufacturing processes and transfers those from its own pilot labs to large-scale manufacturing. ProJect Pharmaceutics makes sure that investigational products, biosimilars as well as “bio-betters” are developed effectively and will run smoothly in clinical and commercial scale GMP manufacturing. "
UGenome LLC,https://ugenome.io/,"UGenome is a cutting-edge biotech company at the forefront of genomic innovation. We specialize in the development of advanced software tools designed to harness the power of genomics for both research and clinical applications. Our mission is to accelerate the benefits of genomic medicine for patients and healthcare professionals through clinically actionable insights.

Our services include:
Bioinformatic Services: Providing expert data analysis and interpretation across the multi-omics spectrum, facilitating deeper insights into complex biological datasets.
Personalized Medication Services (Pharmacogenetic Consultation): Offering tailored pharmacogenetic insights to optimize medication therapy based on an individual’s genetic makeup, ensuring safer and more effective treatments.

At UGenome AI, we are committed to leveraging the latest advancements in genomics and bioinformatics to make genomic medicine personal and accessible for everyone."
Novoprotein Scientific,https://www.novoprotein.com/,"At Novoprotein, our mission is to drive breakthroughs in medicine by innovating protein, antibody, and enzyme technologies. We offer a comprehensive suite of custom services tailored to support cutting-edge research and development:

1) Protein Expression and Purification: Expertise in E. coli, mammalian, insect, and yeast expression systems.
2) Cosmetic-Grade Recombinant Collagen Production: High-quality solutions for cosmetic applications including injectables and lotions. 
3) Monoclonal Antibody Development: Proprietary technology to tackle challenging targets.
4) Bulk Recombinant Antibody Production: Scalable production to meet your research and manufacturing needs.
5) Antibody Engineering Services: Specializing in affinity maturation, stability optimization, and humanization.
6) Enzyme Design and Modification: Custom solutions for novel enzymatic functions.
7) Strain Engineering and Process Development: Tailored approaches to optimize production systems.
8) Stable Cell Line Construction: Robust and reliable cell lines 
9) mRNA Synthesis and mRNA-LNP Production: End-to-end solutions for mRNA-based vaccines and therapies.
10) Vaccine Process Development: Expertise to streamline vaccine production pipelines.

Our custom services support a wide range of applications, including antibody drug discovery, CAR-T therapy, cell and gene therapy (CGT), mRNA vaccines and therapeutics, and organoid research, among others.

We operate two state-of-the-art GMP facilities with a production capacity of up to 2,000 liters per batch.

In addition to custom services, Novoprotein offers a comprehensive catalog of recombinant proteins and molecular enzymes, providing reliable tools for your research and development needs."
WuXi Biologics,https://www.wuxibiologics.com/,"WuXi Biologics (stock code: 2269.HK), a Hong Kong-listed company, is a leading global open-access biologics technology platform offering end-to-end solutions to empower organizations to discover, develop, and manufacture biologics from concept to commercial manufacturing. The company’s history and achievements demonstrate its commitment to providing a truly ONE-stop service offering and strong value proposition to its global clients. With total estimated capacity for biopharmaceutical production planned in the U.S., China, Ireland, Germany, and Singapore exceeding 430,000 liters after 2024, WuXi Biologics will provide its biomanufacturing partners with a robust and premier-quality global supply chain network."
GenScript,http://www.genscript.com,"Founded in 2002 and listed on the Hong Kong Stock Exchange in 2015, GenScript has an established global presence across Greater China, North America, the EU, and Asia Pacific. Today, over 300,000 customers from over 160 countries and regions worldwide have used GenScript’s premier, convenient, and reliable products and services. GenScript currently has over 5,000 employees globally, 33% holding master’s and/or Ph.D. degrees. In addition, GenScript has a number of leading commercial technologies developed in the fields of synthetic biology, immunotherapy, antibody design, chemical synthesis, and bioinformatics, including more than 100 patents and over 270 patent applications. As of June 2022, GenScript's products and services have been cited by 74,700 scientific papers worldwide. GenScript is committed to striving toward its vision of being the most reliable biotech company in the world to make humans and nature healthier through biotechnology."
Alcamena,http://www.alcamenabio.com,"Alcamena sets out to develop the most advanced protein optimization and development platform available. We consulted with field leaders in directed evolution and conducted a world-wide search to find the best talent. The result of this effort, is a proprietary, highly refined directed evolution platform which we believe is the best on the market today. Our approach is versatile and fast, allowing us to optimize binding of peptides and proteins in a few weeks. Our strengths are directed evolution, construct design, library construction, and custom screens, including a variety of display techniques. We have the capability to develop proteins with binding affinities exceeding that of most antibodies (low pM) and/or have tissue permeability approaching that of small molecules. Our results have been independently validated in academic laboratories through jointly funded NIH projects (R43 NS105289; R43 NS110112)."
RegeneMed,http://www.regenemed.com/,"RegeneMed accelerates the development of safer, more effective drugs by providing integrated high throughput platforms incorporating engineered human tissue-based assays. "
Teklab,http://www.teklabinc.com,Teklab's environmental laboratory can analyze a multitude of different methods and matrices.
Unidad de Desarrollo e Investigación en Bioprocesos (UDIBI),https://udibi.com.mx/en/,"UDIBI is located at the National School of Biological Sciences of the National Polytechnic Institute, in Mexico City. At UDIBI we have a multidisciplinary team of highly qualified professionals in the discovery, development, production and characterization of pharmaceutical products capable of providing solutions that satisfy our clients."
SV ChemBioTech,http://www.svchembiotech.com/,"Our company description
SV ChemBioTech Inc., was founded in 2009 in Edmonton, Alberta, Canada by two PhD scientists,  Dr. Sabitha Anchoori and Dr. Vidyasagar Anchoori, who are accomplished scientists with over 20 years of industry experience in pharmaceutical industry in medicinal chemistry, drug discovery, process R&D, technology commercialization, scale-up and manufacturing. SV Chem is an innovative company specialize in the novel designing and making organic molecules adapting novel, cost effective, 
eco-friendly, practically viable, scalable synthetic routes for accelerating early-stage drug discovery, pharmaceutical process R&D, manufacturing. Thus, SV Chem is an ideal partner for pharma and biotech companies for drug discovery, pharmaceutical R&D and manufacturing. Our expert team of scientists and engineers are constantly engaged in transforming research into an efficient, cost-effective manufacturing of pharmaceutical products.

Our business model, niche & Specialty Skills
1) Process research to commercialization for manufacturing of advanced intermediates in multiple kilos for Clinical and Generic APIs in collaboration with partnership GMP facilities from India.
2) Process research to commercialization for manufacturing of Semiochemicals in multiple kilo for crop protection applications in collaboration with partnership facility in India.
3)Accelerate early-stage drug discovery research by developing robust, cost-effective, ecofriendly syntheses of
preclinical drug candidates and their intermediates.
4) Novel design and cost-effective synthesis of stable deuterium labeled drug standards in grams quantities

Our Success Stories
Since the year of incorporating (2009) our company, we made several complex pharma products for various customers in US, Europe, and India in following categories.
1) Advanced Intermediates for clinical and generic APIs in multiple-kilos scale.
2)Medicinal chemistry compounds in milligrams to multi-grams scale for pre-clinical research.
3) Deuterated drug standards and metabolites in gram scale.

Our Team

Sabitha Anchoori, PhD (Organic Chemistry)
President
Dr. Sabitha Anchoori is Founder and President SV ChemBioTech, Inc., Edmonton, Alberta, Canada. Prior to starting the company. Sabitha worked for a reputed Edmonton drug discovery company, NAEJA Pharmaceuticals as Lead Scientist in medicinal chemistry projects. Her work was in therapeutics related to CNS disorders and diabetes, contributed to drug discovery programs of the multinational pharmaceutical companies Pfizer and AstraZeneca. Prior to that, she worked in Indian pharmaceutical industry for over 15 years and held the position of Sr. Manager R&D, QA in the Alembic Group of Companies, India. Sabitha is an accomplished scientist with over 20 years of industry experience in pharmaceutical R&D, technology commercialisation, medicinal chemistry. Also, she is experienced in managerial work, business development and possesses an appreciation certificate from Pfizer. Before landing in Canada with her family in 2004, Sabitha having several years past and rich experience from Indian pharmaceutical industry, she had a vision to set up own pharmaceutical company in Canada.
Having set up SV Chem in Edmonton, which is now a growing company, Dr. Sabitha is amazed that her “Canadian dream” turned into reality. In 1996, Dr. Sabitha received the prestigious “Dr. Vikram Sarabhai Young Scientist” award for “Best Research in Industry” from the Department of Science & Technology (Government of India) in recognition of her commendable contributions to industrial research, transforming phosgene chemistry into key pharma intermediates used for life saving drugs, antidiabetics, antibiotics etc. Sabitha obtained her Ph.D in Organic Chemistry (Synthesis of Prostaglandins) from M.S. University of Baroda, India under the guidance of Dr. Sukh Dev, a world-renowned organic chemist and former director of National Chemical Laboratories, India.

Our Team
Vidyasagar Anchoori, PhD (Organic Chemistry)
Chief Executive Officer
Dr. Vidyasagar Anchoori is co-founder & CEO of SV ChemBioTech Inc. He has 20 years of industrial experience in custom synthesis, process R&D, kilo Lab, scale-up and cGMP manufacturing of pharmaceutical intermediates and API’s. He worked from 2004-2010 as Lead Scientist, kilo Lab at NAEJA Pharmaceuticals Inc., where he was directly involved in process R&D and scale-up projects for customers such as Pfizer, Anacor and AstraZeneca. Prior to joining NAEJA, Dr. Vidyasagar worked as General Manager (R&D) for Vinati Organics Ltd., Mumbai, India, where he was the overall in-charge for process R&D, Quality Control and Scale-up operations. Before this assignment, he worked at Gujarat State Fertilizers & Chemicals as R&D Manager. Later, he worked as Lead Scientist at SABIC Research Center, Riyadh Saudi Arabia, a multi-national company, where he developed novel technologies for value added specialty chemicals based on homogeneous and heterogeneous catalysis. Dr. Vidyasagar received his PhD in Organic Chemistry from MS University of Baroda, India. He did post-doctoral work at the Catholic University of America, Washington, DC, in bio-organic chemistry. He has several patents and publications to his credit.

Awards, Honors
2015: SV Chem received NSERC Engage Award from govt. of Canada for a research project “Cu-mediated C-C bond forming reactions with heterocyclic compounds” conducted in collaboration with University of Alberta, Canada.

2016: We received NSERC Engage Plus Award from govt. of Canada for a research project ""Efficient chemical synthesis of deuterated pharmaceutical standards and metabolites” conducted in collaboration with University of Alberta, Canada.

2019: We received NSERC Engage-CASBE/Alberta Innovates Grant for a research project “High-throughput microfluidic technology for developing small 3D tissues” for identifying new therapeutic pathways for cancer in collaboration with University of Calgary, Canada.

2020: We received Industry r&D Associates Program grant, Alberta Innovates, Alberta govt., Canada for developing advanced chlorination technology for optimizing existing manufacturing process for one of our products, CRS pheromone.

2021: SV Chem received MITACS Accelerate Industrial Award grant in support of research and technology commercialization of Semiochemicals, currently, we are conducting in collaboration with University of Alberta, Canada."
Material Interface Inc.,http://www.materialinterface.com/,"Material Interface, Inc. is dedicated to the development of superior products through improved surfaces, interfaces, and coatings. Services centered around surface analysis techniques and coating selection and design. The optimum course of action chosen after discussions regarding engineering and economic requirements."
"MiLaboratories, LLC",https://milaboratories.com/,"MiXCR is an ultimate software platform for analysis of Next-Generation Sequencing (NGS) data for immune profiling. It’s widely used to empower R&D in vaccine development, CAR-T therapies, antibody discovery and other areas. 8 out of 10 Big Pharma companies choose MiXCR for studying immune system. Aiming to support non-profit research, we provide MiXCR for free for academic and non-commercial use. For years, MiXCR is being the number one solution for immune system studies in academia and industry."
Versuchswesen Pflanzenschutz,https://en.croptrials.com/,"CropTrials GmbH is an independent private company for agricultural field research and development of agrochemical products. CropTrials GmbH is the successor organisation of VERSUCHSWESEN PFLANZENSCHUTZ, which was founded in 1990. The company provides studies to evaluate the efficacy and the crop safety of pesticides. Furthermore CropTrials GmbH offers residue studies, soil dissipation and accumulation studies as well as rotational crop studies."
Micromeritics Instrument Corporation,https://www.micromeritics.com/,"Micromeritics Instrument Corporation is the world’s leading supplier of high-performance systems to characterize particles, powders, and porous materials with a focus on physical properties, chemical activity, and flow properties.  Our technology portfolio includes: pycnometry, adsorption, dynamic chemisorption, particle size and shape, intrusion porosimetry, powder rheology, and activity testing of catalysts.    The company has R&D and manufacturing sites in the USA, UK, and Spain, and direct sales and service operations throughout the Americas, Europe, and Asia.  Micromeritics systems are the instruments-of-choice in more than 10,000 laboratories of the world’s most innovative companies, prestigious government, and academic institutions.  Our world-class scientists and responsive support teams enable customer success by applying Micromeritics technology to the most demanding applications."
Antibody Studio,http://antibodystudio.com,AB Studio is an antibody technology platform for therapeutic antibody development.
Provepharm Life Solutions,https://www.provepharm.com/en/page-d-accueil,"An independent, international specialty pharmaceutical company, Provepharm leverages the potential of mature and well-known molecules to develop innovative solutions that improve patients' lives. Provepharm develops, manufactures, and markets a range of hospital products including antidotes and dyes. Notably, the company is recognized for its expertise in the endoscopic and surgical dye markets. Working closely with healthcare professionals, Provepharm is committed to developing specific services aimed at helping them enhance clinical practices. With a team of over 160 professionals and offices in France, the US and UK, the company markets its products in over 25 countries worldwide and devotes between 20% and 25% of its revenues to R&D."
Zambon,https://cmo.zambon.com/,"Zambon is a modern healthcare company founded on the history and values of an Italian family and committed to innovating cure & care to improve patients’ lives. Present in Europe, America and Asia with over 2,700 employees and manufacturing units in Italy, Switzerland, France, China and Brazil, in 2021 the Group revenues amounted to 696 million euros.   The Pharma company, with its 23 subsidiaries and products commercialized in 87 countries, has taken a new role in the industry. In addition to pain and diseases of the respiratory system and urological system, Zambon is establishing a global pipeline and introducing important treatments for serious diseases such as Parkinson’s Disease, Cystic Fibrosis, BOS and NCFB.  Zambon produces high quality products thanks to the management of the whole production chain which involves Zach (Zambon Chemicals), a privileged partner for API, custom synthesis and generic products.  Recognizing the ever-growing importance of innovative technologies and the digitalization of healthcare, Zambon complements the offering of medicines with modern health solutions: Zcube - Zambon Research Venture – actively scouts and supports the growth of innovative projects and startups. Among them, in 2018 Zcube founded Careapt, a new startup which develops integrated Hi-Tech/Hi-Touch solutions for chronic disease management.  Zambon was established in 1906 in Vicenza and is headquartered in Milan within OpenZone, the scientific campus where knowledge is shared between partners in the field of Healthcare, founded with the aim to transform research into enterprise."
Novotec,https://www.novotec-labs.com/,"Created in 1997 by researchers from the Pasteur Institute in Lyon, the company offers you 30 years of experience and expertise in histology, immunohistochemistry and microscopy.  Dynamic, responsive and professional, Novotec adapts to your needs. Because quality and customer satisfaction are at the heart of the laboratory's concerns, its quality management system is ISO 9001:2015 certified. Novotec has also been approved for the Research Tax Credit since 2002.  Novotec carries out your studies in histology, immunohistochemistry and immunofluorescence, in situ hybridization, microscopy, molecular biology, but also personalized studies carried out by our Research & Development department."
Complete Laboratory Solutions (CLS),http://cls.ie,Complete Laboratory Solutions is a contract laboratory that provides testing and fully trained analysts on contract to client sites.
Bionique Testing Laboratories,http://www.bionique.com,"For over three decades, Bionique Testing Laboratories has remained a cornerstone in the life science industry, serving as a trusted partner and global leader in Mycoplasma Testing Services. Our comprehensive range of GMP services encompasses everything from Lot & Final Drug Product Release Testing to Real-Time PCR assays, allowing us to meet our clients' diverse needs across all stages of product development, from conception through clinical trials to commercialization, particularly for biopharmaceutical and cell therapy products. With a wealth of expertise, we excel in method development and validation, leveraging rapid microbiological methods to deliver real-time results. At Bionique, we are dedicated to upholding the integrity and biosafety of therapeutic products, offering top-tier mycoplasma testing services tailored to the unique requirements of each client. Our solutions cover a broad spectrum, including Cell and Gene Therapy Products, Clinical Trial Materials, Biopharmaceuticals, Master and Working Cell Banks, Raw Materials, and Vaccines. As a cGMP compliant, FDA-registered facility, we are committed to delivering excellence and compliance in every aspect of our operations."
Genelife Clinical Research,http://genelifecr.com,"Genelife Clinical Research is a medical research center that offers clinical trials, project management, and regulatory affairs services."
Ruiyi Medical Tech,http://www.ruiyitech.com/,"Ruiyi Tech was founded in May, 2006 and composed of Shanghai Ruiyi Medical Tech Co., Ltd., Shanghai Ruiheda Pharmaceutical Technology Co., Ltd., Haimen Ruiyi Medical Tech Co., Ltd., Nantong Ruiheda Pharmaceutical Technology Co., Ltd., Hechi Ruiyi Pharmaceutical Co., Ltd. It is a high-tech company who focuses on R&D of medical organosilicon  intermediates, Reagents for Organic Synthesis and pharmaceutical intermediates. Ruiyi Tech is a leading company in R&D and manufacturing of medical organosilicon products in China, also producing fluoride series, organic alkyne series, Cyclic compound and other pharmaceutical intermediates. And Ruiyi Tech provides CDMO services in pharmaceutical industry.

Ruiyi Tech is developing in accordance with its business culture which is Innovation, Efficiency, Quality, Cooperation. Ruiyi’s products is in strict consistence with ISO 9001-2015 Quality Control Standard. With persistent innovation in R&D, effective and environmental friendly commercial production, international oriented marketing strategy and excellent management team serving as its core competence, Ruiyi Tech is supplying good products and services to global market."
PharmaBlock,http://www.pharmablock.com,"PharmaBlock Sciences (Nanjing), Inc. (SZSE:300725) is a leading provider of innovative chemistry products & services throughout the pharmaceutical R&D process and commercial production. Its core businesses include: a rationally designed building blocks (BBs) collection, supplying from discovery, to development & commercial; development & manufacturing of RSMs, intermediates & APIs for drug development & commercial.    Officially operated in 2008, PharmaBlock has rapidly gained recognition for its outstanding capabilities in the design, synthesis, & supply of novel BBs. It has generated a large and unique collection of high-quality and diverse BBs, which are increasingly adopted by drug hunters to enrich the structure options, improve compound quality, expand patent space and eventually accelerate drug discovery projects. Inspired by the BBs, it has established a powerful drug discovery platform for medicinal chemists to quickly identify hit/lead. The platform includes a set of efficient tools, including but not limited to FBDD, DELT, & Virtual Screening.  Following the new molecules advancing from discovery to development, and into the market, the company is committed to a more comprehensive & long-term service to valued customers. In addition to strengthening process R&D capabilities & mfg. capacity to secure the sustainable supply of BBs, the company is providing CDMO solutions of RSMs, key intermediates & APIs. To further realize safe, efficient and green process & mfg., it has developed an advanced chemistry & engineering technology platform, featuring flow chemistry, micropacked bed hydrogenation, catalysis, crystallization, solid state chemistry etc.     Over the past years, PharmaBlock has partnered with almost all the top pharmaceutical companies, and hundreds of small to medium-sized biotechs around the world. Our ever changing mission is to support clients to accelerate drug discovery & development, and move the new molecule to commercial in full speed."
Aurorae Biolabs,http://www.auroraebio.com,"Aurorae BIolabs Inc, founded and based in San Diego, CA. We offer iPSC related products, reagents and services. "
Novogene (UK) Company Ltd,http://www.novogene.com,"Novogene delivers unsurpassed data quality to support our customers’ research goals. We are a world leader in NGS services, with thousands of employees and multiple locations across the globe. Novogene has strong scientific expertise and experience with 62 NGS-related patents, as well as nearly 20,000 SCI articles with a total impact factor of nearly 120,000, including publications in first tiers journals such as Cell, Nature and Science.  As the largest NGS service provider headquartered in Beijing with branches in Hong Kong China, US, UK, Singapore, Netherlands, and Japan, Novogene was founded in 2011 and has been growing rapidly over the past few years. Novogene has genomic sequencing labs in the US (at The University of California at Davis campus), China, Singapore, and the UK (Cambridge)."
Takara Bio,http://www.takarabio.com,"Takara Bio USA, Inc. (formerly Clontech Laboratories, Inc.), a Takara Bio company, develops, manufactures, and distributes a wide range of life science reagents under the Takara®, Cellartis®, and Clontech® brands. Our products support applications including stem cell research; NGS; gene discovery, regulation, and function studies; protein expression and purification; RNAi and gene editing; and plant and food research."
Precision Antibody,http://precisionantibody.com/,"Precision Antibody is a one-stop-shop for your antibody project needs. Our services range from Antigen Design, Antibody Development, Production and Characterization to Humanization and fully Human Antibody Development. Precision Antibody has consistent fast turnaround, completing projects four to five times faster than our peers, with a success rate of 95%. Since our founding in 2000, Precision Antibody has successfully developed many novel customized antibodies for several thousand projects and have provided our services to leading Pharmaceutical, and Diagnostic Companies, as well as top Federal and Academic Research Institutes all over the World."
Synergy Research,http://www.synergy-cro.com,"At Synergy Research, our primary emphasis is to be an exceptional partner to our clients regardless of the project or task. Our belief is that you must solve for a client’s immediate and current requirements, while striving to address their upcoming needs. Solving problems that are in the ‘here and now’ can be simple, however, the additional high level of partnership we have with our clients enable us to have the foresight to overcome and mitigate obstacles on their horizon."
EPP - Edinburg Pharmaceutical Processes,http://eppltd.com/,At EPP we provide integrated and specialist analytical and development services in chemical and environmental science. Our vast experience and knowledge in analytical and screening work means we understand the subtleties of what you have to deal with to achieve successful product registrations. To complement this we offer an extensive range of GLP physico-chemical testing and our team of highly experience experts can help you to determine the most suitable set of tests to conduct. In addition we are a custom synthesis house specialising in hard to find impurities. Major investment in our Environmental Centre has resulted in a fully GLP compliant facility which is managed and operated by an experienced team of environmental scientists.
National Centre For Nuclear Research Radioisotope Centre POLATOM,https://www.polatom.pl/,"National Centre for Nuclear Reseach Radioisotope Centre POLATOM is a Polish producer and distributor of isotope preparations used in medicine, science, industry and environmental protection. It also conducts research and development works. They are of an application nature and concern radiopharmacy, chemistry and nuclear technology, as well as such scientific disciplines as radiochemistry, biochemistry, and immunology. The result of the research is the development of own technologies implemented by POLATOM."
Tracer Biotechnologies,https://tracerbio.com/,Tracer Biotechnologies is a biotechnology company that offers monitoring services for oncology patients.
Curia,https://curiaglobal.com/,"Curia is a Contract Development and Manufacturing Organization with over 30 years of experience, an integrated network of 29 global sites and over 3,500 employees partnering with customers to make treatments broadly accessible to patients. Our biologics and small molecule offering spans discovery through commercialization, with integrated regulatory and analytical capabilities. Our scientific and process experts and state-of-the-art facilities deliver best-in-class experience across drug substance and drug product manufacturing. From curiosity to cure, we deliver every step to accelerate and sustain life-changing therapeutics."
Exon BioSystems,http://www.exonbio.com,Exonbio is a leading service provider of recombinant proteins and antibodies. The proprietary Single Plasma cell INterrogation (SPIN®) technology can develop monoclonal antibodies supporting global diagnostic companies with high-performance IVD reagent raw materials.
Transnetyx,http://www.transnetyx.com,"Transnetyx is an independent molecular diagnostic laboratory that provides automated research animal genotyping services to the pharmaceutical andacademic research communities. The company was founded in 2000 and is headquartered in Cordova, Tennessee."
Biosystems Immunolab,https://biosys-ilab.com/,Biosystems Immunolab is a biotechnology company engaged in the development of blood-based diagnostics for cancer and chronic diseases.
Retrosynth Enterprises,https://retrosynth.co.in/,"Retrosynth Enterprises active, young and dynamic research based biopharmaceutical company located in Pune. We are committed to provide quality research product and service delivery to comply your project needs in timely, confidential and cost effective manner. We are expert in custom synthesis of carbohydrates, API’s, Drug intermediates, impurities, degradation products, drug metabolites and specialty chemicals. "
Pyxant Labs,http://www.pyxant.com,"Founded in 2000, Pyxant Labs provides innovative bioanalytical solutions for advancing leading-edge and challenging drug development programs fromtranslation through NDA approval. Utilizing high resolution mass spectrometry and traditional LC-MS/MS platforms, the Colorado Springs site is recognized for its fast-turnaround drug discovery services, unique expertise quantitating delivery mechanisms for RNA therapeutics, anticipatory customer service, and superior regulatory compliance."
AmbioPharm,http://www.ambiopharm.com,"AmbioPharm, a global peptide CDMO, was founded in 2005 and is headquartered in North Augusta, South Carolina, USA specializing in developing highly efficient manufacturing processes for peptide-based Active Pharmaceutical Ingredients (APIs) at very small to very large scales. In our manufacturing facilities in South Carolina, USA and Shanghai, China, we manufacture New Chemical Entities (NCEs) and generic peptide APIs under cGMP for clients worldwide. Both facilities have been inspected multiple times by the FDA with excellent outcomes."
Life Science Laboratory,http://lsl-inc.com/,"Life Science Laboratories, Inc. (LSL) is engaged in a wide variety of analytical and consulting services. We are presently involved in environmental analysis, microbiological analysis, environmental forensics analysis, and applied research and development. We also consult with industrial clients to aid in the solution of their problems and conduct audits of facilities to evaluate their compliance with various governmental regulations. "
Provonix,http://www.provonix.com/,"Provonix is a customer focused Contract Research Organization, specializing in Statistical Consulting and Statistical Programming services. Through our strategic partners we also provide support in all data related and reporting aspects of clinical trials including Data Management, Medical Writing, and Pharmacokinetics. We offer our clients a commitment to provide a cost effective means to set up, conduct, and report clinical trials in a timely, and high-quality manner. Provonix also operates as a Functional Service Provider, providing statistics and programming consultants to our pharmaceutical and CRO clients."
RoosterBio Inc,http://www.roosterbio.com/,"RoosterBio, Inc. is a privately held cell manufacturing platform technology company focused on accelerating the development of a sustainable Regenerative Medicine industry, one customer at a time. RoosterBio's products are high-volume, cost-effective, and well-characterized adult human mesenchymal stem/stromal cells (hMSCs) paired with highly engineered media systems. RoosterBio has simplified and standardized how living cells are purchased, expanded, and used in development, leading to marked time and cost savings for customers. RoosterBio's innovative products and collaborative relationships are ushering in a new era of productivity and standardization into the field."
Trademax,http://www.trademaxchem.com,"Trademax offers intermediates, API, herbal extracts, and custom synthesis services."
Symeres,http://www.symeres.com,"Symeres, formerly MercachemSyncom, is the leading mid-sized European contract research organization offering innovative chemistry, medicinal chemistry, ADME/tox, PK, early process research services, and GMP production to accelerate the drug discovery and development process in a flexible and cost-effective way. Symeres also offers integrated drug-discovery services from hit to clinic via multiple-platform strategic alliances under a single MSA."
BIOTYPE GmbH,https://www.biotype.de/en,"BIOTYPE GmbH, a German biotechnology company with over 20 years of history, has successfully positioned itself as a trusted provider of state-of-the-art solutions for molecular diagnostics in Europe. Biotype develops, manufactures, and distributes molecular in-vitro diagnostic kits for the detection and quantification of DNA and RNA-based biomarkers. The assays support diagnosis and therapy in various molecular applications, such as oncology, infectious diseases, forensics, dermatology, and veterinary.  BIOTYPE initially started as a biotechnology company developing molecular diagnostic tests and has grown into a full-service provider offering the complete value chain in molecular in-vitro diagnostics. All our in-house developed tests are multiplex PCR-based and run either on established laboratory platforms or on our proprietary MODAPLEX device.  The MODAPLEX system provides a novel real-time quantification procedure through the unique combination of PCR and simultaneous capillary electrophoresis. This technology enables the examination of up to 50 RNA and DNA markers in a single sample. With little hands-on time and a simple workflow, it allows to detect all types of genetic aberrations.  BIOTYPE’s contract development & manufacturing services cover all challenges from the idea up to the realization of a marketable product. One of our assets is platform and biomarker flexibility, meaning we design and develop molecular diagnostic assays optimized to customer needs, ranging from a prototype via RUO to CE-IVD.  The company's goal is to provide customers, such as laboratories, pharmaceutical, and diagnostic companies, with quality and robust molecular diagnostic tools and services."
Novasyn Organics,http://www.novasynorganics.com,"Novasyn Organics Pvt. Ltd., an established manufacturer of Pyridine Compounds is specialized in multi-step synthesis of a wide variety of substituted pyridine compounds. The company has been improving our products processes with continuous commitment since its inception. This basic philosophy of continuous improvement has turned out to be instrumental in establishing Quality Excellence reputation for Novasyn in the manufacture of specialty Pyridine Chemicals. Our client list is inclusive of many major pharmaceutical and chemical catalogue companies. We have a skilled team of chemists who are working from a purpose built facility. Besides offering a range of Pyridine molecules, we also offer custom synthesis and also undertake projects tailored to the specific requirements of the customer who are protected by confidentiality agreements where ever appropriate. Novasyn with an extensive production facility also includes R&D laboratory and pilot facility within its main plant. We are specialized in the production of vital pyridine compounds for major prospective drug and agrochemical companies. We have many items available in stock or we can also manufacture to a specific order. Our priority is to provide competitive pricing with short lead times wherever possible. We always welcome enquiries and are ready to assist with any projects leading to scale up and proceed towards stage one. "
TheraIndx Lifesciences,http://www.theraindx.com,"TheraIndx Lifesciences, a leading CRO (Contract Research Organization), is a Preferred Research Partner for the Life Sciences Industry. We offer modular and integrated drug development solutions for pharma and biotech companies across the globe. We participate in R&D programs ranging from hit identification, hit to lead, lead optimization, and preclinical development. We collaborate in partner friendly business models such as Risk sharing, Stand alone, deferred payment options. "
Lipidomix,https://www.lipidomix.de/,"Targeted Lipidomics for basic and clinical research. Active lipid mediators play important roles in physiological and pathological processes like inflammation, pain and fever. They are also implicated in the pathogenesis of various diseases, including cardiovascular diseases, cancer and neurodegenerative diseases.  In addition to their roles in inflammation and tissue repair, active lipid mediators also play important roles in other biological processes such as cell growth and differentiation, neurotransmission, and immune regulation.  We analyze these mediators for clinical research and basic academic research to get reproducible and validated results."
Noah Technologies Corporation,https://www.noahtech.com,"Noah Chemicals is a manufacturer of high purity and high technology chemicals for research and production. Originally established in 1978 in Farmingdale NY, the company moved to San Antonio in 1988 to expand the manufacturing capabilities and product portfolio. This allowed for larger scale production verses the laboratory quantities the company was originally founded on. Now 45+ years later Noah Chemicals has become an important partner, creating custom products used in new technologies. Noah is certified to ISO 9001-2015 and all material is produced under strict quality control. This certification assures our customers we are dedicated to the quality of our products and service.  The most modern methods of production and analysis are utilized. The chemicals and metals are available in various purities and particle sizes and can be supplied in laboratory and/or bulk quantities. We also offer custom synthesis and have a technical staff available to work with you on your requirements."
GaloreTx,https://www.galoretx.com,GaloreTx® is a Bangalore-India based specialized biotech focused on developing peptide and peptide-based therapies.
ACS DOBFAR,http://www.acsdobfar.it,"We are a privately held Italian company founded in 1973. We are a fully integrated manufacturer of Cephalosporin, Carbapenem and Penicillin APIs as well as Finished Dosage Formulations (Solid and Injectable). We export our products to MORE than 100 countries all over the world.  Our production sites, most of them regularly inspected by EUROPEAN AND USA AUTHORITIES (FDA), have strict Quality Standards and our R&D Know-how make us a leading company.  Our Commitment: to work in the present while concentrating on the future, because on markets where research and technology are factors of primary importance, we have always to be on the cutting edge of progress in the development of production.  From this premise emerge Acs Dobfar's six key factors for success: High Quality Products, Innovative Production Processes, High Technology, Market Diversification, Customer Support, and Environment Respect."
MedPharm,http://www.medpharm.com,"As a global CDMO, MedPharm specializes in the development and manufacturing of topical and transdermal products. Our team of experts has a proven track record of delivering robust and innovative research that has earned recognition from regulators and investors alike. We offer end-to-end support for various topical delivery routes, including dermal, nasal/lung, ophthalmic, otic, vaginal/rectal, and ungual.  In addition to our product design and formulation development expertise, MedPharm also offers semi-solid and liquid GMP services, including ICH stability testing and clinical trial materials manufacturing.  With our unique, cost-effective performance testing models and our expertise in topical and transdermal product design, development, and manufacturing, MedPharm is the trusted partner for pharmaceutical companies around the globe. Contact us today to learn more about how we can help bring your product to life."
Ncardia,https://www.ncardia.com,"Ncardia is a drug discovery company and expert in human iPSC technology. We operate worldwide with facilities, offices and staff throughout Europe and North America. We work with biopharmaceutical companies in drug discovery worldwide, to leverage the power of stem cell technologies in the development of novel therapies of multiple modalities at any stage of development.  Over the past 10 years, we have built the expertise and infrastructure required to differentiate, manufacture and characterize high-quality iPSC-derived cell and disease models. We can facilitate the process of disease modeling and high-throughput screening to accelerate drug discovery. We listen to our customer’s project plans, questions and challenges, and co-develop human iPSC-based solutions that fit their specifications."
Charm Biotech,http://www.charmbiotech.com,"Charm Biotech is an unique provider for comprehensive products and services for nucleic acid sample collection, preservation and purifcation. Charm Biotech develops, manufactures and markets sample collection and preservation device and reagents, nucleic acid extraction kits and detection systems for use in molecular diagnostics, drug discovery, forensics research, clinical and life sciences markets. Charm Biotech provides unique solution and specializes in following areas for products and services: Sample Collection and Preservation; Nulceic Acid Sample Isolation, Purification and Enrichment; RNA and DNA Amplification and Detection; Molecular Diagnosis; and Molecular Evolution. Most of the technologies and products provided by Charm Biotech are unique in terms of its principle, procedure, sample quality, final yield and consistency. The uniqueness provides convenient and reliable alternative solutions to help you solve ongoing research problems which you can not get from other suppliers. If you have problems which can not be solved with regular products in your lab, Why not have a try with the unique alternatives provided by Charm Biotech?"
RSR,http://www.rsrltd.com/,"RSR is a major developer and producer of medical diagnostic kits with particular emphasis on autoimmune thyroid disease, type 1 diabetes mellitus, neuroimmunology and adrenal autoimmunity."
Sino Biological,http://www.sinobiological.com,"Sino Biological is an international biological reagent supplier and service provider. The company specializes in recombinant antigen production andantibody development. The company's ever-growing portfolio of products includes over 6000 recombinant proteins, 13,000 antibodies, ELISA assay kits, expression clones, cell culture media, and other molecular biology tools. The company also offers a variety of customized services, mainly focusing on recombinant production of antigens and antibodies. Sino Biological is dedicated to virology and infectious disease research. Its newly launched ProVirTMcollection is the world's largest viral antigen bank, carrying over 1000 viral products from 350 strains of viruses."
Spectrus LLC,http://www.spectruscorp.com,"At Spectrus, we are dedicated to accelerating the discoveries of life science companies through mass spectrometry. Our vision is that the expert services we offer as a contract research organization will catalyze scientific advancements that address the most pressing health and environmental challenges of our time. These advancements will pave the way for a brighter future and enhanced quality of life for all."
Cypath-rb,http://www.cypath.fr,"The CYPATH group is made up of 70 pathologists and nearly 400 employees. Initially founded in 1964, CYPATH is the result of successive groupings of different laboratories to currently reach 13 establishments in France. More than 400,000 pathological anatomy and cytology examinations are carried out per year, which makes our group one of the two leading French private-sector pathological anatomy and cytology practices."
Gramsch Laboratories,http://www.gramsch.de/,"Gramsch Laboratories provide custom manufacturing of monoclonal and polyclonal antisera, peptides and conjugates. We supply a range of poly- and monoclonal antisera against Somatostatin Receptors Type 1 - 5, G-Proteins, myu and delta Opioid-Receptors, Opioid Peptides, cyclic Nucleotides, Nociceptin and C-Myc."
GeneCorner,http://www.genecorner.ugent.be,The BCCM/GeneCorner Plasmid Collection accepts plasmids from and distributes plasmids to researchers worldwide. Funding by the Belgian Science Policy (Belspo) allowed BCCM/GeneCorner to evolve into a unique plasmid repository in Europe.
Stem Genomics,https://www.stemgenomics.com/,"Stem Genomics provides dedicated services to assess the genetic integrity of human stem cells. We help research scientists with specific assays and recommended workflows for the cell type they work with. Our flagship testing solution, iCS-digital™ PSC, has revolutionized in-process genomic stability testing in hPSCs thanks to its high precision, ease and speed. It is particularly interesting for regularly monitoring stem cell lines in culture as well as for screening large numbers of clones, e.g., CRISPR-edited clones or human iPSC clones after reprogramming. We can also perform the following tests for you: G-Banding karyotyping, NGS analysis, mycoplasma detection, aneuploidy detection, or design customized assays to meet your requirements."
iFyber,http://ifyber.com,"iFyber is a preclinical contract research organization that offers custom research and development services to companies that operate at the interface of chemistry, biology, and materials science. iFyber is unique - we provide clients direct access to top scientists that can creatively solve problems and propose application-specific models that best reflect the products real-world intended use.  Whether it is designing highly customized new technology efficacy testing or creatively solving any unexpected challenges that arise during validation testing and full-scale manufacturing, our value is in our ability to work quickly and collaboratively with our clients. In contrast to primarily offering standardized testing, we provide custom solutions to complex problems across numerous different areas of expertise."
Biotem,http://www.biotem-antibody.com/,"BIOTEM, a contract Research Organisation established in 1980 and adhering to ISO 9001:2008 quality standards, specializes in immunotechnology. Serving as a trusted partner to industrial and academic laboratories, BIOTEM offers expertise in R&D, diagnostics, and therapeutics. Leveraging exclusive technologies, the company tailors strategies to each project, guaranteeing results outlined in the contract. With a focus on optimal quality, strict confidentiality, and unparalleled traceability, BIOTEM ensures client satisfaction. Services include custom antibodies, making BIOTEM a leading European provider in this field."
ArrayXpress,http://www.arrayxpress.com/,"ArrayXpress combines cutting edge next generation genomics technologies and innovative statistical and bioinformatics analytical approaches to develop and conduct investigational studies for pharmaceutical, medical, academic and agricultural clients. We provide the tools and workflows that will insure client success and maximize the impact of their scientific studies.  At ArrayXpress, our strongest value for clients comes from the knowledge, skills and experience of our team. In addition to utilizing the latest proven technology, we understand that technology needs to be applied properly and in combination with the best data analysis techniques to derive value. More than a hot trend, we use cutting edge methodology to design and produce novel solutions using next generation genomics technologies. Coupled with superb bioinformatics and statistics, we deliver on big data with powerful insights to drive forward your legal or research & development hypotheses."
Australian Genome Research Facility (AGRF),http://www.agrf.org.au,"We believe in improving the quality of life through exceptional life sciences.  Our mission is to empower Australia to be recognised for world-class innovation and leading edge genomics.  By exchanging and collaborating in knowledge expertise, providing access to innovative and state-of-the-art genomic technologies we enable Australian researchers to advance leading edge genomics research internationally.  The Australian Genome Research Facility (AGRF) has laboratories in Brisbane, Melbourne, Adelaide, Sydney and Perth, each providing a gateway to a national network of state-of-the-art facilities, technology and expertise. From microbes to plants, animals and humans, AGRF provides a full range of services across the entire biological spectrum. We provide services to academia and industry with clients from bioscience, environmental science, biomedicine and agricultural biotechnology."
Laxai Life Sciences,http://laxai.com/,"Our goal is to produce fast and innovative solutions to global pharmaceutical and specialty chemical companies within the space of Contract Research, Development and Manufacturing. We combine Science, Innovation and People to help our Customers strengthen their competitive advantage, while providing high quality, quick and reliable services."
Macrogen Europe B.V.,https://www.macrogen-europe.com,"Macrogen Europe was founded in 2008 and provides fast and reliable Sanger sequencing, next generation sequencing (NGS) and bioinformatics services to scientists in Europe and Africa. Using the latest equipment from industry-leading providers such as Illumina, Thermo Fisher Scientific, and Pacific Biosciences, we help scientists accelerate their genomics discoveries.  Since its foundation, Macrogen Europe’s headquarters have been located on the grounds of the Amsterdam Medical Center in the Netherlands, where – in 2021 – it moved to a new, state-of-the-art laboratory. It also has sequencing facilities in Maastricht (NL), Milan (IT), Roissy-en-France (FR), and local representatives across the region."
Dermatest,http://www.dermatest.de/,"The independent dermatological test institute. Since 1978. With our Dermatest® seal, we provide your customers in the retail sector with confidence, ensure high economic relevance and confirm the quality of your products. We are your added value.  At Dermatest, we research and test cosmetic products, food supplements and consumer goods. So that they are safer to use, and their effectiveness is measurable and comparable."
Chemveda Life Sciences,http://www.chemvedals.com/,"Chemveda Life Sciences is a mid-sized, fast-growing solution provider to the pharmaceutical, biotechnology, academia, and agrochemical industries. As a contract research partner Chemveda, is boosting its value creation along and beyond the drug discovery & development continuum, with an emphasis on churning out cost and timeline efficiencies for its global clientele.  Chemveda harnesses its scientific and technological expertise to deliver full-suite Chemistry support from lab scale synthesis, to Process R&D, and large-scale custom development of drug substances, key intermediates, and starting materials across multiple chemistry classes. Lately, we have been investing in developing expertise in the most sought-after scientific platforms in order to answer the existing and evolving challenges in basic and applied research.  Founded in 2008 and headquartered in Hyderabad, Chemveda is over 600 employees strong with a technology-based division of teams. We have our US presence in San Diego and also a team of same-time zone project managers & consultants deployed across all the major biotech hubs of US, Europe, and Asia. People have always been at the forefront of our growth, we have empowered them with the latest infrastructure, systems & processes, as well as a desired equipment ratio that is on par with or better than the industry standard. To take it up a notch, our able in-house scientific team draws its strengths and gets mentored by one of the most coveted and actively involved advisory boards with names like Prof. K.C. Nicolaou Prof. Phil S Baran, and Prof. Jin Quan Yu on board.  As a collaborator, our offerings are built on a foundation of safeguarding the client's IP and a zero-conflict blend of investors. As we achieve the milestones of growth we wish to grow not only in terms of our scientific capabilities and human talent, but also by generating direct and indirect & qualitative as well as quantitative value for our clients, shareholders, and society."
CPGR (Centre for Proteomic and Genomic Research),http://www.cpgr.org.za/,"The CPGR is a non-profit company located in Cape Town, South Africa, based on an initiative by the (DST), and financially supported by the Technology Innovation Agency (TIA). CPGR combines state-of-the-art information-rich genomic and proteomic ('omics') technologies with bio-computational pipelines to render services and support projects in the life science and biomedical arena in (South) Africa, all run in an ISO 9001:2015 certified and ISO 17025 compliant quality management system.  Among others, the CPGR has recently launched an accelerator program to stimulate the creation of South African start-ups based on 'omics' technologies and set up Artisan Biomed to develop and implement Precision Medicine solutions in (South) Africa. The organization uses the open-source Baobab LIMS for sample and data tracking; and, it has recently implemented a DRAGEN platform to enhance the development and execution of high-speed/high-volume NGS data-sets. CPGR also hosts DIPLOMICS, a large infrastructure program initiated by the DST. In December 2017, CPGR entered into a partnership with the Sunflower Fund to enhance stem cell donor typing in Africa.   In support of Genomics capacity development in Africa, CPGR has launched an iScan system for high-end genotyping studies in early 2018. In April 2018, CPGR announced a new partnership to form a bespoke African biotech incubator, OneBio."
ChemWerth,http://www.chemwerth.com/,"Established in 1982, ChemWerth is a full service generic drug development and supply company providing high quality API's to regulated markets worldwide.  Through exclusive development and partnerships with API manufacturers, ChemWerth provides expertise in product selection and development, analytical and regulatory services, and strong project management to ensure the highest standards of quality.  We are committed to providing our customers with a distinct competitive advantage. Our team of technical, analytical, regulatory and marketing experts can enhance your business by: Advancing your product development; Ensuring the manufacturing facilities we represent maintain a high level of compliance with ever-evolving cGMPs; Collaborating with manufacturers in establishing appropriate protocols and methodologies to prepare a sound and complete DMF; Sourcing APIs from China, India, Germany and the US to provide our customers with the best value; and Advancing Paragraph IV filings through our exclusive API development and supply partnerships."
HD Biosciences,http://www.hdbiosciences.com,"HD Biosciences Co., Ltd.(HDB) is a biology-focused preclinical contract research organization (CRO). The company offers comprehensive service platforms in target validation, plate-based pharmacology, hit identification, lead discovery, SAR-focused MedChem, therapeutic antibody discovery, in vivo pharmacology, and DMPK/Tox. HDB currently collaborates with eight of the world's ten largest pharmaceutical companies and has established strategic partnership with impact to their portfolios. Our strong scientific expertise and high quality deliverables constantly meet or exceed clients’ expectations, which have helped the company build a great reputation in the industry as well as its widely recognized leadership in preclinical contract research services."
Bhat Bio-tech India,http://www.bhatbiotech.com,"Bhat Bio-tech India (P) Limited is specialized in the design development, manufacture and marketing of diagnostic products and Biotechnology based products. Diagnostic test devices are for various types of tests like, Pregnancy, HIV, Hepatitis, Malaria, Dengue, Chikungunya, Swine Flu (H1N1), Syphilis, TB, Cardiac Markers, Dry Chemistry, Bio-Chemistry, Haematology & Immunology and ELISA`S used in the analysis of body fluids in human. In Life Science related products we manufacture and market Genomics (DNA, RNA), Proteomics and Lab Instruments. Now, we would like to bring the molecular diagnostics to the point of care."
Genotypic Technology,http://www.genotypic.co.in,"Genotypic is well know for simplifying complex questions into answerable bits and solving them with ease. Genotypic is SAP enabled and ISO 9001:2015 Accredited Company. AGILENT Certified Genomics Service Provider with specilization in targeted resequencing, arrays designs and large genomics projects. Genotypic is a closely held company set up in 1998. Genotypic is a profit making company, equity funded by promoters and Angel Investors. We welcome new ideas, proposals for testing early stage technologies and challenging projects -big or small- all done with the motto of simplifying Genomics. Friendly work culture, challenging projects with a mix of academic and industry experience, interaction with a chance to work on cutting edge technologies and to develop.  Collaboration with leading scientists and business, opportunities to guide students, publish, present, all in one place.   Genotypic's Genomics Lab includes - Ion PGM, Ion Proton, SOLiD5500xl, Nextseq500 and MiSeq; Agilent microarray platform, qPCR machines, Sanger, Molecular Biology lab and Genome informatics Unit.   Genomics, NGS, Microarray, Agilent, SureSelect - Targeted resequencing, array design, Next Generation sequencing, solexa, solid, 454, helicos, Pacbio, sequence annotation, analysis, ion torrent, miseq, Nextseq500 (world's first NCBI SRA data from Nextseq500 is from Genotypic)."
Creative Bioarray,https://www.creative-bioarray.com,"Creative Bioarray uniquely pioneers the development of high quality tissue, antibody, protein and cell array technology to efficiently analyze the concurrent expression and function of proteins involved in inflammation, angiogenesis, apoptosis, cell growth, and signal transduction from a single biological sample.  Creative Bioarray is a well-recognized service provider propelled by integrity, expertise and the desire to contribute to simplify, improve, and accelerate research speed of the scientists by providing the highest standard quality research products and services. Since it founded, Creative Bioarray had recognized that an important obstacle to make development of basic bioscience and preclinical researches using human specimens is the lack of access to reference materials. Consequently, Creative Bioarray was determined to be the first commercial entity specialized in building up the largest tissue-sharing platform by integrating the detailed clinical information of all the tissue samples."
Elabscience Bionovation Inc.,http://www.elabscience.com/,"Elabscience specializes in immunodiagnostic technology for life science community. We have complete platform for R&D and manufacture. Our in house QC for every product keep your experiment results more consistent and precise.   Elabscience major products cover recombinant proteins, peptides, FCM antibodies, antibodies, ELISA kits, biochemical kits, labeling kits, chromatographic media, cell line, cell culture products, and many more.   The products can be used in various research areas, including immunology, cancer, cardiovascular, signaling transduction, cell biology, neuroscience, stem cells, microbiology, metabolism, etc.   Besides, Elabscience also offers custom services for researchers including protein service, polyclonal antibody service, peptide service and gene synthesis. We have professional scientists to implement your needs.  We are certified by ISO9001 and CE. We have also get awards from CiteAb. Through unremitting effort and development, our customers have spread in more than 100 countries all over the world."
Eurofins Discovery,https://www.eurofinsdiscovery.com,"Eurofins Discovery has supported Drug Discovery research for >40 years.  Our partners inspire us to innovate in the pursuit of life-changing cures. We provide our experience, depth, and breadth in the form of innovative testing services and product tools that support researchers as they accelerate the discovery and development of candidate molecules. Our global team of dedicated scientists, information analysts, and client support professionals make this mission possible. Our focus drives us to continually expand our portfolio of testing methods, tools, and services to enable real, lasting improvements in human health."
Eurofins Biomnis,https://www.eurofins-biomnis.com/en/,"Eurofins Biomnis, European leader in specialised medical pathology, emanates from a laboratory founded by Marcel Mérieux in 1897. Eurofins Biomnis is based on a concept of specialised biology that is entirely dedicated to excellence, innovation and technological investment.  With a menu of over 3,000 assays, Eurofins Biomnis laboratories has established its reputation for the development of new novel tests and the availability of routine and esoteric tests. As a partner of first-line medical laboratories, Biomnis provides its highly skilled expertise to all its stakeholders (both private and hospital-based laboratories) on a daily basis.  Day after day, the pathologists at Eurofins Biomnis can help both their fellow pathologists and prescribing physicians with the interpretation of results and contribute to improve prevention, earlier screening tests, more precise and rapid diagnoses, as well as a greater efficacy of therapeutic treatments."
Faubel,https://www.faubel.de/en/,"The Faubel Group, with roots in the print, paper, and film processing sector spanning over 165 years, is a global leader in product labeling. With sales of 49 million euros in 2021, 57% of which stemmed from exports, Faubel's expertise lies in serving the pharmaceutical, chemical, and creative industries. Employing 280 professionals across Faubel Pharma Services and Faubel Creative Solutions, the company operates in Europe, the USA, and Asia. Faubel's product portfolio encompasses booklet labels, single and multi-layer labels, and smart labels incorporating RFID and e-paper technology. Additionally, the company designs tailored packaging solutions for clinical trials, including cardboard boxes for blinding IMPs. Renowned as a trusted supplier to pharmaceutical and chemical sectors, Faubel Pharma Services specializes in producing multilingual labels that meet rigorous quality standards and comply with customer-specific and legal requirements, such as serialization, tamper evidence, and authentication. To drive digital transformation, Faubel offers smart labels with RFID and e-paper technology, enabling streamlined processes and enhanced traceability."
Eurofins Advinus Ltd,http://www.advinus.com,"Eurofins Advinus Private Limited is a premier contract research, development and manufacturing organization (CRDMO) serving diverse industries to help advance their R&D programs within defined timelines with highest level of quality. With 30+ years of GLP experience we have a proven track record of successfully delivering many integrated and stand-alone projects to meet our partner’s requirements.   We offer a complete suite of drug discovery and development services. Our drug discovery services include medicinal and synthetic chemistry, ADMET/DMPK and Discovery Biology across various therapeutic areas.   Our preclinical development services include process development, DMPK and safety assessment for developing full CMC & Pharmtox packages towards IND submissions. Our team has immense experience with NDA enabling studies. Data from our labs has been successfully submitted and approved by various regulatory authorities. We have a track record of 90+INDs, 65+ carcinogenicity studies, 25,000+regulatory studies. We offer biocompatibility testing services for medical devices.   We have in-house expertise for bioanalytical assay development and validation services in accordance with USFDA and EMA guidelines for Novel Chemical Entities (NCEs), Novel Biological Entities (NBEs) and Biosimilars.   We support drug substance requirements from multi kilogram to multi-ton scale for preclinical toxicology studies, clinical trials and commercial manufacturing. We manufacture RSMs, advanced-intermediates, APIs and NCEs. We provide seamless transition from candidate selection to commercialization. In the last 5 years we have completed 100+GMP campaigns.   For the Agrochemical sector, we offer product development services to support global regulatory submissions. We have successfully executed studies following all international guidelines. We offers a wide range of field and lab trials to the manufacturers of Agricultural inputs, like pesticides, biopesticides, and fertilizer."